교차로명,자치구명,매일1,매일2,토요일1,토요일2,일요일,특이사항
월곡초교,성북구,00:00~04:00,0.0,0,0,0,0
사대부중,성북구,00:00~04:00,0.0,0,0,0,0
광장중학교,광진구,20:00~07:00,0.0,0,0,0,0
아리랑고개,성북구,00:00~05:00,0.0,0,0,0,0
예찬교회,강북구,01:00~05:00,0.0,0,0,0,0
세윤하이츠,강북구,01:00~05:00,0.0,0,0,0,0
월계사슴2단지,노원구,00:00~05:00,0.0,0,0,0,0
월계사슴2단지,노원구,00:00~05:00,0.0,0,0,0,0
청구종합상가,노원구,00:00~05:00,0.0,0,0,0,0
청구종합상가,노원구,00:00~05:00,0.0,0,0,0,0
청계초교,노원구,00:00~05:00,0.0,0,0,0,0
청계초교,노원구,00:00~05:00,0.0,0,0,0,0
연촌초교,노원구,00:00~05:00,0.0,0,0,0,0
위례정보산업고,노원구,00:00~05:00,0.0,0,0,0,0
위례정보산업고,노원구,00:00~05:00,0.0,0,0,0,0
상계5동주민센터,노원구,01:00~05:00,0.0,0,0,0,0
당고개역,노원구,00:00~04:00,0.0,0,0,0,0
코오롱연립,노원구,00:00~05:00,0.0,0,0,0,0
코오롱연립,노원구,00:00~05:00,0.0,0,0,0,0
서진아파트,노원구,00:00~05:00,0.0,0,0,0,0
동천학교,노원구,00:00~05:00,0.0,0,0,0,0
용원초교,노원구,00:00~05:00,0.0,0,0,0,0
방학중학교,도봉구,00:00~04:00,0.0,0,0,0,0
방학2동주민센터,도봉구,00:00~04:00,0.0,0,0,0,0
백운시장,도봉구,00:00~04:00,0.0,0,0,0,0
백운시장,도봉구,00:00~04:00,0.0,0,0,0,0
녹주아파트,노원구,00:00~05:00,0.0,0,0,0,0
삼양로9길입구,성북구,00:00~05:00,0.0,0,0,0,0
태릉가스충전소,노원구,00:00~05:00,0.0,0,0,0,0
유창빌딩,마포구,01:00~04:00,0.0,0,0,0,0
신방학중,도봉구,00:00~04:00,0.0,0,0,0,0
신방학중,도봉구,00:00~04:00,0.0,0,0,0,0
신방학중,도봉구,00:00~04:00,0.0,0,0,0,0
정의공주묘,도봉구,00:00~04:00,0.0,0,0,0,0
한솔부동산,노원구,00:00~05:00,0.0,0,0,0,0
한솔부동산,노원구,00:00~05:00,0.0,0,0,0,0
뚝도아리수정수센터,성동구,01:00~05:00,0.0,0,0,0,0
번동한진아파트,강북구,00:00~05:00,0.0,0,0,0,0
먹골파출소,중랑구,00:00~05:00,0.0,0,0,0,0
성신여대,성북구,00:00~05:00,0.0,0,0,0,0
정릉3동주민센터,성북구,00:00~04:00,0.0,0,0,0,0
정릉3동주민센터,성북구,00:00~04:00,0.0,0,0,0,0
정릉3동주민센터,성북구,00:00~04:00,0.0,0,0,0,0
56사단,은평구,01:00~05:00,0.0,0,0,0,0
독바위역,은평구,01:00~05:00,0.0,0,0,0,0
독바위역,은평구,01:00~05:00,0.0,0,0,0,0
자양4동주민센터,광진구,00:00~05:00,0.0,0,0,0,0
자양4동주민센터,광진구,00:00~05:00,0.0,0,0,0,0
구산치안센터,은평구,01:00~05:00,0.0,0,0,0,0
구산치안센터,은평구,01:00~05:00,0.0,0,0,0,0
북서울꿈의숲후문,강북구,00:00~05:00,0.0,0,0,0,0
주공326단지,노원구,00:00~05:00,0.0,0,0,0,0
주공326단지,노원구,00:00~05:00,0.0,0,0,0,0
주공326단지,노원구,00:00~05:00,0.0,0,0,0,0
청원고교,노원구,00:00~05:00,0.0,0,0,0,0
청원고교,노원구,00:00~05:00,0.0,0,0,0,0
북한산온천,은평구,01:00~05:00,0.0,0,0,0,0
북한산온천,은평구,01:00~05:00,0.0,0,0,0,0
북한산온천,은평구,01:00~05:00,0.0,0,0,0,0
온곡초교입구,노원구,01:00~05:00,0.0,0,0,0,0
숭곡초교,성북구,00:00~05:00,0.0,0,0,0,0
자양중입구,광진구,00:00~05:00,0.0,0,0,0,0
명사약국앞,중랑구,00:00~05:00,0.0,0,0,0,0
공릉1수문,노원구,00:00~05:00,0.0,0,0,0,0
중계롯데아파트,노원구,00:00~05:00,0.0,0,0,0,0
공릉초교,노원구,00:00~05:00,0.0,0,0,0,0
공릉초교,노원구,00:00~05:00,0.0,0,0,0,0
삼원수출포장,도봉구,00:00~04:00,0.0,0,0,0,0
면목7치안센터,중랑구,01:00~05:00,0.0,0,0,0,0
50번종점,중랑구,01:00~05:00,0.0,0,0,0,0
50번종점,중랑구,01:00~05:00,0.0,0,0,0,0
금란유치원,중랑구,00:00~04:00,0.0,0,0,0,0
입곡삼거리,은평구,01:00~05:00,0.0,0,0,0,0
수색초교입구,은평구,00:00~05:00,0.0,0,0,0,0
수색초교입구,은평구,00:00~05:00,0.0,0,0,0,0
우이그린빌라,도봉구,01:00~05:00,0.0,0,0,0,0
은평경찰서,은평구,01:00~05:00,0.0,0,0,0,0
신내대성아파트,중랑구,00:00~04:00,0.0,0,0,0,0
정릉대우아파트,성북구,00:00~04:00,0.0,0,0,0,0
성신초교,성북구,00:00~05:00,0.0,0,0,0,0
옥수삼성아파트후문,성동구,00:00~05:00,0.0,0,0,0,0
창번2교,도봉구,00:00~04:00,0.0,0,0,0,0
돈암천주교회,성북구,01:00~05:00,0.0,0,0,0,0
홍익중고입구,성북구,00:00~04:00,0.0,0,0,0,0
홍익중고입구,성북구,00:00~04:00,0.0,0,0,0,0
쌍문청구아파트,도봉구,00:00~04:00,0.0,0,0,0,0
법종사,도봉구,01:00~05:00,0.0,0,0,0,0
법종사,도봉구,01:00~05:00,0.0,0,0,0,0
법종사,도봉구,01:00~05:00,0.0,0,0,0,0
면동초교,중랑구,01:00~05:00,0.0,0,0,0,0
공릉삼익아파트404동앞,노원구,00:00~05:00,0.0,0,0,0,0
상계119안전센터,노원구,00:00~05:00,0.0,0,0,0,0
상계119안전센터,노원구,00:00~05:00,0.0,0,0,0,0
면목본동파출소,중랑구,00:00~04:00,0.0,0,0,0,0
혜원여중고후문,중랑구,00:00~04:00,0.0,0,0,0,0
신내동성아파트,중랑구,00:00~04:00,0.0,0,0,0,0
신내동성아파트,중랑구,00:00~04:00,0.0,0,0,0,0
신내동성아파트,중랑구,00:00~04:00,0.0,0,0,0,0
신창교,도봉구,00:00~04:00,0.0,0,0,0,0
신창교,도봉구,00:00~04:00,0.0,0,0,0,0
송곡관광고,중랑구,00:00~05:00,0.0,0,0,0,0
도봉산성당,도봉구,00:00~05:00,0.0,0,0,0,0
불광삼익아파트,은평구,01:00~05:00,0.0,0,0,0,0
한양701동,도봉구,00:00~04:00,0.0,0,0,0,0
흥국사,은평구,01:00~05:00,0.0,0,0,0,0
신성미소지음아파트,성동구,00:00~04:00,0.0,0,0,0,0
상봉시장,중랑구,01:00~05:00,0.0,0,0,0,0
대주아파트앞,노원구,00:00~05:00,0.0,0,0,0,0
북성초교앞,서대문구,20:00~07:00,0.0,0,0,0,0
북성초교앞,서대문구,20:00~07:00,0.0,0,0,0,0
북성초교앞,서대문구,20:00~07:00,0.0,0,0,0,0
아현중앙교회,서대문구,20:00~07:00,0.0,0,0,0,0
아현중앙교회,서대문구,20:00~07:00,0.0,0,0,0,0
삼양중앙감리교회앞,강북구,00:00~04:00,0.0,0,0,0,0
효문고,도봉구,00:00~04:00,0.0,0,0,0,0
유승약국,은평구,01:00~05:00,0.0,0,0,0,0
유승약국,은평구,01:00~05:00,0.0,0,0,0,0
금호고교,성동구,00:00~04:00,0.0,0,0,0,0
삼각산아이원120동,강북구,00:00~04:00,0.0,0,0,0,0
삼각산아이원120동,강북구,00:00~04:00,0.0,0,0,0,0
삼각산아이원108동,강북구,00:00~04:00,0.0,0,0,0,0
해성교회,중랑구,00:00~04:00,0.0,0,0,0,0
해성교회,중랑구,00:00~04:00,0.0,0,0,0,0
해성교회,중랑구,00:00~04:00,0.0,0,0,0,0
성북1치안센터,성북구,00:00~04:00,0.0,0,0,0,0
성북1치안센터,성북구,00:00~04:00,0.0,0,0,0,0
상계3치안센터,노원구,00:00~04:00,0.0,0,0,0,0
트리마제앞,성동구,01:00~05:00,0.0,0,0,0,0
트리마제앞,성동구,01:00~05:00,0.0,0,0,0,0
월계어린이집,노원구,00:00~05:00,0.0,0,0,0,0
월계어린이집,노원구,00:00~05:00,0.0,0,0,0,0
길음지구대앞,성북구,00:00~04:00,0.0,0,0,0,0
길음뉴타운2단지,성북구,00:00~04:00,0.0,0,0,0,0
공릉도서관,노원구,00:00~05:00,0.0,0,0,0,0
양원역,중랑구,21:00~07:00,0.0,0,0,0,0
금호초교,성동구,00:00~04:00,0.0,0,0,0,0
옥수역,성동구,00:00~05:00,0.0,0,0,0,0
마포구청입구,마포구,01:00~05:00,0.0,0,0,0,0
광진교북단,광진구,00:00~05:00,0.0,0,0,0,0
종월2교,성북구,00:00~05:00,0.0,0,0,0,0
중계브라운스톤,노원구,00:00~05:00,0.0,0,0,0,0
봉화삼거리,중랑구,01:00~05:00,0.0,0,0,0,0
봉화삼거리,중랑구,01:00~05:00,0.0,0,0,0,0
봉화삼거리,중랑구,01:00~05:00,0.0,0,0,0,0
신도봉시장,도봉구,00:00~04:00,0.0,0,0,0,0
신도봉시장,도봉구,00:00~04:00,0.0,0,0,0,0
강북문화예술회관,강북구,00:00~05:00,0.0,0,0,0,0
강북문화예술회관,강북구,00:00~05:00,0.0,0,0,0,0
증산시장,은평구,00:00~05:00,0.0,0,0,0,0
동북초교,도봉구,00:00~04:00,0.0,0,0,0,0
꿈나라유치원,노원구,00:00~05:00,0.0,0,0,0,0
한성대입구사거리,성북구,00:00~04:00,0.0,0,0,0,0
한성대입구사거리,성북구,00:00~04:00,0.0,0,0,0,0
동선약국,성북구,00:00~04:00,0.0,0,0,0,0
동선약국,성북구,00:00~04:00,0.0,0,0,0,0
대성운수,성북구,00:00~05:00,0.0,0,0,0,0
금호두산위브아파트,성동구,20:00~07:00,0.0,0,0,0,0
번동오현초교,강북구,20:00~07:00,0.0,0,0,0,0
중랑공영차고지,중랑구,00:00~05:00,0.0,0,0,0,0
파인힐모텔,광진구,01:00~05:00,0.0,0,0,0,0
중랑천로굴다리,중랑구,00:00~04:00,0.0,0,0,0,0
삼양제일교회,강북구,00:00~05:00,0.0,0,0,0,0
면목펌프장,중랑구,00:00~04:00,0.0,0,0,0,0
신내진로아파트,중랑구,00:00~05:00,0.0,0,0,0,0
신내진로아파트,중랑구,00:00~05:00,0.0,0,0,0,0
교육복지통합센터,성동구,00:00~05:00,0.0,0,0,0,0
교육복지통합센터,성동구,00:00~05:00,0.0,0,0,0,0
서부새생명약국,은평구,01:00~05:00,0.0,0,0,0,0
서부새생명약국,은평구,01:00~05:00,0.0,0,0,0,0
서부새생명약국,은평구,01:00~05:00,0.0,0,0,0,0
세종사이버대학교,광진구,00:00~05:00,0.0,0,0,0,0
갈월사회복지관,용산구,00:00~05:00,0.0,0,0,0,0
원묵초교,중랑구,00:00~05:00,0.0,0,0,0,0
신내초교,중랑구,00:00~05:00,0.0,0,0,0,0
상경초교,노원구,00:00~05:00,0.0,0,0,0,0
상경초교,노원구,00:00~05:00,0.0,0,0,0,0
길음뉴타운6단지,성북구,00:00~05:00,0.0,0,0,0,0
길음뉴타운1단지,성북구,01:00~05:00,0.0,0,0,0,0
길음뉴타운1단지,성북구,01:00~05:00,0.0,0,0,0,0
삼호골드타운,도봉구,00:00~04:00,0.0,0,0,0,0
상곡초교,노원구,00:00~05:00,0.0,0,0,0,0
상곡초교,노원구,00:00~05:00,0.0,0,0,0,0
상계9동주민센터,노원구,00:00~05:00,0.0,0,0,0,0
정릉태영아파트,성북구,00:00~04:00,0.0,0,0,0,0
정릉태영아파트,성북구,00:00~04:00,0.0,0,0,0,0
정릉태영아파트,성북구,00:00~04:00,0.0,0,0,0,0
정릉하모니마트,성북구,00:00~04:00,0.0,0,0,0,0
역촌동성당,은평구,01:00~05:00,0.0,0,0,0,0
역촌동성당,은평구,01:00~05:00,0.0,0,0,0,0
갈현교회,은평구,01:00~04:00,0.0,0,0,0,0
블루빌하우스,성북구,00:00~05:00,0.0,0,0,0,0
용인상사,광진구,00:00~05:00,0.0,0,0,0,0
터미널하차장,광진구,00:00~05:00,0.0,0,0,0,0
성북초교후문,성북구,20:00~07:00,0.0,0,0,0,0
삼선초교정문,성북구,00:00~05:00,0.0,0,0,0,0
길원초교입구,성북구,00:00~04:00,0.0,0,0,0,0
길원초교입구,성북구,00:00~04:00,0.0,0,0,0,0
동신초교,성북구,00:00~05:00,0.0,0,0,0,0
용산브라운스톤,용산구,00:00~05:00,0.0,0,0,0,0
용산브라운스톤,용산구,00:00~05:00,0.0,0,0,0,0
말레이지아대사관,용산구,01:00~05:00,0.0,0,0,0,0
건대후문,광진구,00:00~04:00,0.0,0,0,0,0
영동대교북단,광진구,01:00~05:00,0.0,0,0,0,0
금당약국,광진구,01:00~05:00,0.0,0,0,0,0
금당약국,광진구,01:00~05:00,0.0,0,0,0,0
중앙시장후문,중구,00:00~04:00,0.0,0,0,0,0
광남초교,광진구,00:00~05:00,0.0,0,0,0,0
하계2치안센터,노원구,00:00~05:00,0.0,0,0,0,0
하계2치안센터,노원구,00:00~05:00,0.0,0,0,0,0
시립서북병원,은평구,00:00~24:00,0.0,0,0,0,0
연천초교,은평구,00:00~05:00,0.0,0,0,0,0
금성초교,중랑구,00:00~05:00,0.0,0,0,0,0
금성초교,중랑구,00:00~05:00,0.0,0,0,0,0
신내우체국,중랑구,00:00~04:00,0.0,0,0,0,0
청풍마트,강북구,20:00~06:00,0.0,0,0,0,0
청원학당,노원구,00:00~05:00,0.0,0,0,0,0
청원학당,노원구,00:00~05:00,0.0,0,0,0,0
청원학당,노원구,00:00~05:00,0.0,0,0,0,0
석관중뒤삼거리,성북구,00:00~04:00,0.0,0,0,0,0
현대쇼핑센터,성동구,00:00~05:00,0.0,0,0,0,0
래미안옥수리버젠아파트104동앞,성동구,00:00~04:00,0.0,0,0,0,0
성수리버하우스,성동구,01:00~04:00,0.0,0,0,0,0
한일목욕탕,은평구,01:00~04:00,0.0,0,0,0,0
번2동우체국,강북구,00:00~05:00,0.0,0,0,0,0
월계지구대,노원구,00:00~05:00,0.0,0,0,0,0
창일중교,도봉구,00:00~04:00,0.0,0,0,0,0
석관초교,성북구,00:00~04:00,0.0,0,0,0,0
동명베스트아파트,은평구,01:00~05:00,0.0,0,0,0,0
쌍문초교,도봉구,00:00~04:00,0.0,0,0,0,0
신내동새마을금고,중랑구,00:00~05:00,0.0,0,0,0,0
신내동새마을금고,중랑구,00:00~05:00,0.0,0,0,0,0
정생약국,중랑구,00:00~05:00,0.0,0,0,0,0
정생약국,중랑구,00:00~05:00,0.0,0,0,0,0
성심여고후문,용산구,00:00~05:00,0.0,0,0,0,0
청운벽산빌리지,종로구,00:00~05:00,0.0,0,0,0,0
명신초교,종로구,20:00~07:00,0.0,0,0,0,0
명신초교,종로구,20:00~07:00,0.0,0,0,0,0
포방터시장,서대문구,20:00~07:00,0.0,0,0,0,0
대경상고,성동구,00:00~04:00,0.0,0,0,0,0
대경상고,성동구,00:00~04:00,0.0,0,0,0,0
은평중,은평구,01:00~05:00,0.0,0,0,0,0
갈현노인복지관입구,은평구,01:00~04:00,0.0,0,0,0,0
신도초교앞,은평구,01:00~05:00,0.0,0,0,0,0
청계문화회관,성동구,00:00~04:00,0.0,0,0,0,0
청계문화회관,성동구,00:00~04:00,0.0,0,0,0,0
두리마트,중랑구,00:00~04:00,0.0,0,0,0,0
무궁화약국,중랑구,01:00~05:00,0.0,0,0,0,0
신내데시앙후문,중랑구,00:00~05:00,0.0,0,0,0,0
인덕대학,노원구,00:00~05:00,0.0,0,0,0,0
한일택시,강북구,01:00~05:00,0.0,0,0,0,0
송중장안빌라,강북구,00:00~05:00,0.0,0,0,0,0
묵현초교,중랑구,00:00~05:00,0.0,0,0,0,0
삼각산동주민센터,강북구,00:00~05:00,0.0,0,0,0,0
삼각산동주민센터,강북구,00:00~05:00,0.0,0,0,0,0
동서울호텔,광진구,00:00~05:00,0.0,0,0,0,0
현대6단지,광진구,01:00~05:00,0.0,0,0,0,0
중곡역,광진구,01:00~05:00,0.0,0,0,0,0
봉화초교삼거리,중랑구,00:00~05:00,0.0,0,0,0,0
봉화초교삼거리,중랑구,00:00~05:00,0.0,0,0,0,0
구의국민은행,광진구,00:00~05:00,0.0,0,0,0,0
신현중교,중랑구,01:00~05:00,0.0,0,0,0,0
신현중교,중랑구,01:00~05:00,0.0,0,0,0,0
국민은행효창,용산구,00:00~05:00,0.0,0,0,0,0
국민은행효창,용산구,00:00~05:00,0.0,0,0,0,0
미주고시원,용산구,00:00~05:00,0.0,0,0,0,0
미주고시원,용산구,00:00~05:00,0.0,0,0,0,0
보광초교,용산구,21:00~07:00,0.0,0,0,0,0
이촌119안전센터,용산구,00:00~04:00,0.0,0,0,0,0
용산중학교,용산구,00:00~05:00,0.0,0,0,0,0
삼각산초교,강북구,00:00~04:00,0.0,0,0,0,0
삼각산초교,강북구,00:00~04:00,0.0,0,0,0,0
봉화지구대,중랑구,00:00~05:00,0.0,0,0,0,0
우정에쉐르앞,성북구,00:00~05:00,0.0,0,0,0,0
용문동주민센터입구,용산구,00:00~04:00,0.0,0,0,0,0
이문쌍용아파트,동대문구,00:00~05:00,0.0,0,0,0,0
노원우체국,노원구,00:00~05:00,0.0,0,0,0,0
창신빌앞,강북구,00:00~05:00,0.0,0,0,0,0
상봉2동,중랑구,01:00~05:00,0.0,0,0,0,0
길음삼성아파트,성북구,00:00~05:00,0.0,0,0,0,0
삼청각,성북구,00:00~05:00,0.0,0,0,0,0
불암도서관,노원구,00:00~05:00,0.0,0,0,0,0
불암도서관,노원구,00:00~05:00,0.0,0,0,0,0
우암타운아파트,노원구,00:00~05:00,0.0,0,0,0,0
우암타운아파트,노원구,00:00~05:00,0.0,0,0,0,0
신내LG아파트,중랑구,01:00~05:00,0.0,0,0,0,0
답십리초교,동대문구,00:00~05:00,0.0,0,0,0,0
답십리초교,동대문구,00:00~05:00,0.0,0,0,0,0
동대문구민센터,동대문구,01:00~05:00,0.0,0,0,0,0
동부지하차도,동대문구,00:00~05:00,0.0,0,0,0,0
석계철도청앞,성북구,00:00~04:00,0.0,0,0,0,0
석계초교앞,성북구,00:00~04:00,0.0,0,0,0,0
홍능주유소,동대문구,01:00~05:00,0.0,0,0,0,0
홍능주유소,동대문구,01:00~05:00,0.0,0,0,0,0
영화진흥공사,동대문구,01:00~05:00,0.0,0,0,0,0
외국어대,동대문구,01:00~05:00,0.0,0,0,0,0
용진한의원,동대문구,00:00~05:00,0.0,0,0,0,0
청량초교,동대문구,01:00~05:00,0.0,0,0,0,0
종암초교후문,동대문구,00:00~05:00,0.0,0,0,0,0
제기동천주교회,동대문구,00:00~04:00,0.0,0,0,0,0
제기동천주교회,동대문구,00:00~04:00,0.0,0,0,0,0
이문초교,동대문구,00:00~05:00,0.0,0,0,0,0
이문초교,동대문구,00:00~05:00,0.0,0,0,0,0
청량리교회,동대문구,00:00~05:00,0.0,0,0,0,0
불천어린이공원,서대문구,20:00~06:00,0.0,0,0,0,0
현대유플렉스,서대문구,00:00~05:00,0.0,0,0,0,0
강북청소년수련관,강북구,20:00~06:00,0.0,0,0,0,0
창북중,도봉구,00:00~04:00,0.0,0,0,0,0
고명중고앞,성북구,00:00~04:00,0.0,0,0,0,0
꿈마루도서관,성북구,01:00~05:00,0.0,0,0,0,0
기독회관,종로구,00:00~05:00,0.0,0,0,0,0
상계12단지,노원구,00:00~05:00,0.0,0,0,0,0
방학3동주민센터,도봉구,01:00~05:00,0.0,0,0,0,0
방학3동주민센터,도봉구,01:00~05:00,0.0,0,0,0,0
방학3동주민센터,도봉구,01:00~05:00,0.0,0,0,0,0
창림초교입구,도봉구,00:00~04:00,0.0,0,0,0,0
창림초교입구,도봉구,00:00~04:00,0.0,0,0,0,0
창림초교입구,도봉구,00:00~04:00,0.0,0,0,0,0
미아교회,강북구,00:00~05:00,0.0,0,0,0,0
미아교회,강북구,00:00~05:00,0.0,0,0,0,0
효성교회,강북구,00:00~05:00,0.0,0,0,0,0
원약국,도봉구,00:00~05:00,0.0,0,0,0,0
은혜치과,중랑구,01:00~05:00,0.0,0,0,0,0
해오름마트앞,광진구,01:00~05:00,0.0,0,0,0,0
옥수빗물펌프장,성동구,00:00~04:00,0.0,0,0,0,0
렉스아파트,용산구,01:00~05:00,0.0,0,0,0,0
안국선원,종로구,00:00~05:00,0.0,0,0,0,0
신안아파트,중랑구,00:00~05:00,0.0,0,0,0,0
은평롯데캐슬803동앞,은평구,01:00~05:00,0.0,0,0,0,0
은평아이파크627동앞,은평구,01:00~05:00,0.0,0,0,0,0
은평푸르지오618동앞,은평구,01:00~05:00,0.0,0,0,0,0
은평뉴타운6단지앞,은평구,01:00~05:00,0.0,0,0,0,0
쌍문초교후문,도봉구,00:00~04:00,0.0,0,0,0,0
쌍문초교후문,도봉구,00:00~04:00,0.0,0,0,0,0
광남유치원,광진구,00:00~05:00,0.0,0,0,0,0
광남유치원,광진구,00:00~05:00,0.0,0,0,0,0
쌍다리기사식당,성북구,00:00~05:00,0.0,0,0,0,0
동문아파트102동앞,강북구,00:00~05:00,0.0,0,0,0,0
정릉대림e편한세상,성북구,00:00~05:00,0.0,0,0,0,0
갈현동성당입구,은평구,01:00~04:00,0.0,0,0,0,0
기동대,중구,00:00~05:00,0.0,0,0,0,0
금암문화공원,은평구,01:00~05:00,0.0,0,0,0,0
은빛초교,은평구,01:00~05:00,0.0,0,0,0,0
은빛초교,은평구,01:00~05:00,0.0,0,0,0,0
은평롯데캐슬821동,은평구,01:00~05:00,0.0,0,0,0,0
은평제일교회,은평구,01:00~05:00,0.0,0,0,0,0
일신초교,성북구,00:00~04:00,0.0,0,0,0,0
씨유청구역점,중구,00:00~05:00,0.0,0,0,0,0
씨유청구역점,중구,00:00~05:00,0.0,0,0,0,0
자바빌딩,중구,00:00~05:00,0.0,0,0,0,0
중림삼성아파트,중구,00:00~05:00,0.0,0,0,0,0
경동초교,성동구,01:00~05:00,0.0,0,0,0,0
경동초교,성동구,01:00~05:00,0.0,0,0,0,0
효창운동장,용산구,00:00~04:00,0.0,0,0,0,0
의사협회,용산구,00:00~04:00,0.0,0,0,0,0
월드컵파크708동앞,마포구,15:00~07:30,09:00~12:00,0,0,0,0
길음1동주민센터앞,성북구,00:00~05:00,0.0,0,0,0,0
현대종합카센터,광진구,20:00~07:00,0.0,0,0,0,0
하늘초등학교,마포구,01:00~04:00,0.0,0,0,0,0
하늘초등학교,마포구,01:00~04:00,0.0,0,0,0,0
월드컵파크11단지,마포구,01:00~04:00,0.0,0,0,0,0
월드컵파크11단지,마포구,01:00~04:00,0.0,0,0,0,0
서부자동차검사소,마포구,01:00~04:00,0.0,0,0,0,0
서부자동차검사소,마포구,01:00~04:00,0.0,0,0,0,0
창천교회,서대문구,00:00~05:00,0.0,0,0,0,0
제각말아파트,은평구,01:00~05:00,0.0,0,0,0,0
흥덕사입구,은평구,01:00~05:00,0.0,0,0,0,0
하나고,은평구,01:00~05:00,0.0,0,0,0,0
진관사입구,은평구,01:00~05:00,0.0,0,0,0,0
삼천리골입구,은평구,01:00~05:00,0.0,0,0,0,0
오대산약초건강원,중랑구,00:00~05:00,0.0,0,0,0,0
인생약국,광진구,01:00~05:00,0.0,0,0,0,0
차량관리사무소,마포구,01:00~04:00,0.0,0,0,0,0
중소기업DMC타워,마포구,01:00~04:00,0.0,0,0,0,0
은평노인복지회관,은평구,01:00~05:00,0.0,0,0,0,0
서부침례교회,은평구,01:00~05:00,0.0,0,0,0,0
숲유치원,은평구,01:00~05:00,0.0,0,0,0,0
은진초교정문,은평구,23:00~05:00,0.0,0,0,0,0
상경중학교,노원구,01:00~05:00,0.0,0,0,0,0
은평위브201동앞,은평구,01:00~05:00,0.0,0,0,0,0
면남초교,중랑구,01:00~05:00,0.0,0,0,0,0
면목4동주민센터,중랑구,01:00~05:00,0.0,0,0,0,0
동부센트레빌앞,동대문구,01:00~05:00,0.0,0,0,0,0
호텔피제이앞,중구,00:00~05:00,0.0,0,0,0,0
문배동,용산구,00:00~04:00,0.0,0,0,0,0
동의초교,광진구,20:00~07:00,0.0,0,0,0,0
동의초교,광진구,20:00~07:00,0.0,0,0,0,0
답십리래미안위브309동앞,동대문구,22:00~05:00,0.0,0,0,0,0
신이문역앞,동대문구,01:00~05:00,0.0,0,0,0,0
도봉고등학교,도봉구,00:00~05:00,0.0,0,0,0,0
대일외고,성북구,18:00~07:00,0,00:00~24:00,0,00:00~24:00,0
햇님유치원,성북구,20:00~07:00,0.0,0,0,0,0
옥정초교정문,성동구,00:00~05:00,0.0,0,0,0,0
수락현대아파트,노원구,00:00~04:00,0.0,0,0,0,0
매봉산길입구,성북구,00:00~04:00,0.0,0,0,0,0
신자초교후문,광진구,00:00~05:00,0.0,0,0,0,0
신자초교후문,광진구,00:00~05:00,0.0,0,0,0,0
가람어린이집,성북구,00:00~05:00,0.0,0,0,0,0
은평뉴타운아이파크709동,은평구,01:00~05:00,0.0,0,0,0,0
은평롯데캐슬805동,은평구,01:00~05:00,0.0,0,0,0,0
은평뉴타운푸르지오601동,은평구,01:00~05:00,0.0,0,0,0,0
광운전자공고,노원구,00:00~05:00,0.0,0,0,0,0
대경빌딩,노원구,00:00~05:00,0.0,0,0,0,0
스탠포드호텔사거리,마포구,00:00~05:00,11:30~14:00,0,0,0,0
상암디지털드림타워,마포구,00:00~05:00,11:00~17:00,00:00~05:00,11:00~17:00,0,0
상암사보이시티DMC,마포구,01:00~05:00,0.0,0,0,0,0
월드컵남문,마포구,01:00~04:00,0.0,0,0,0,0
월드컵동문,마포구,01:00~04:00,0.0,0,0,0,0
신북초교,마포구,00:00~05:00,0.0,0,0,0,0
신광운수,노원구,00:00~05:00,0.0,0,0,0,0
청솔연립,노원구,00:00~05:00,0.0,0,0,0,0
청솔연립,노원구,00:00~05:00,0.0,0,0,0,0
안생약국,마포구,01:00~04:00,0.0,0,0,0,0
안생약국,마포구,01:00~04:00,0.0,0,0,0,0
양화진공원,마포구,01:00~05:00,0.0,0,0,0,0
양화진공원,마포구,01:00~05:00,0.0,0,0,0,0
성원초교,마포구,01:00~05:00,0.0,0,0,0,0
"수락리버시티3,4단지앞",노원구,00:00~05:00,0.0,0,0,0,0
"수락리버시티3,4단지앞",노원구,00:00~05:00,0.0,0,0,0,0
연신초교삼거리,은평구,01:00~05:00,0.0,0,0,0,0
연신초교삼거리,은평구,01:00~05:00,0.0,0,0,0,0
연신초교삼거리,은평구,01:00~05:00,0.0,0,0,0,0
은평어울림1001동앞,은평구,01:00~05:00,0.0,0,0,0,0
장안초교,광진구,00:00~05:00,0.0,0,0,0,0
성서초교입구,마포구,01:00~04:00,0.0,0,0,0,0
성서초교입구,마포구,01:00~04:00,0.0,0,0,0,0
성서초교입구,마포구,01:00~04:00,0.0,0,0,0,0
신상계초교,노원구,00:00~05:00,0.0,0,0,0,0
당고개냉면,노원구,00:00~04:00,0.0,0,0,0,0
온곡초교,노원구,00:00~05:00,0.0,0,0,0,0
온곡초교,노원구,00:00~05:00,0.0,0,0,0,0
온곡초교,노원구,00:00~05:00,0.0,0,0,0,0
온곡중,노원구,00:00~05:00,0.0,0,0,0,0
상계보람110동,노원구,00:00~05:00,0.0,0,0,0,0
상계보람110동,노원구,00:00~05:00,0.0,0,0,0,0
상계보람204동,노원구,00:00~05:00,0.0,0,0,0,0
청구아파트,노원구,00:00~05:00,0.0,0,0,0,0
청구아파트,노원구,00:00~05:00,0.0,0,0,0,0
상계414동,노원구,00:00~05:00,0.0,0,0,0,0
성서대학,노원구,00:00~05:00,0.0,0,0,0,0
공릉치안센터,노원구,01:00~05:00,0.0,0,0,0,0
공릉치안센터,노원구,01:00~05:00,0.0,0,0,0,0
묵2동현대아파트,중랑구,00:00~05:00,0.0,0,0,0,0
공연초교,노원구,01:00~05:00,0.0,0,0,0,0
공연초교,노원구,01:00~05:00,0.0,0,0,0,0
기업은행공릉,노원구,00:00~05:00,0.0,0,0,0,0
기업은행공릉,노원구,00:00~05:00,0.0,0,0,0,0
기업은행공릉,노원구,00:00~05:00,0.0,0,0,0,0
마장동주민센터,성동구,00:00~04:00,0.0,0,0,0,0
419탑,강북구,01:00~05:00,0.0,0,0,0,0
청원빌딩,용산구,00:00~04:00,0.0,0,0,0,0
상계보람아파트201동,노원구,01:00~05:00,0.0,0,0,0,0
북악산산책로,종로구,20:00~06:00,0.0,0,0,0,0
비바힐스강변,광진구,00:00~05:00,0.0,0,0,0,0
용문시장1문,용산구,00:00~04:00,0.0,0,0,0,0
용문시장1문,용산구,00:00~04:00,0.0,0,0,0,0
동일초교,노원구,00:00~05:00,0.0,0,0,0,0
상계1214동,노원구,00:00~05:00,0.0,0,0,0,0
상수초교,노원구,00:00~05:00,0.0,0,0,0,0
청백1단지,노원구,00:00~05:00,0.0,0,0,0,0
청솔8단지,노원구,00:00~05:00,0.0,0,0,0,0
청솔8단지,노원구,00:00~05:00,0.0,0,0,0,0
태릉초교,노원구,00:00~05:00,0.0,0,0,0,0
태릉초교,노원구,00:00~05:00,0.0,0,0,0,0
신묵초교,중랑구,00:00~04:00,0.0,0,0,0,0
신묵초교,중랑구,00:00~04:00,0.0,0,0,0,0
짜장궁,강북구,00:00~05:00,0.0,0,0,0,0
길음뉴타운222동,성북구,00:00~04:00,0.0,0,0,0,0
금호빌라,도봉구,01:00~05:00,0.0,0,0,0,0
신화빌라,도봉구,00:00~04:00,0.0,0,0,0,0
월천초교,도봉구,00:00~04:00,0.0,0,0,0,0
월천초교,도봉구,00:00~04:00,0.0,0,0,0,0
잠수교북단,용산구,00:00~04:00,0.0,0,0,0,0
잠수교북단,용산구,00:00~04:00,0.0,0,0,0,0
한국예술사관학교,중구,00:00~05:00,0.0,0,0,0,0
서울사대부속초교,종로구,00:00~05:00,0,00:00~24:00,0,00:00~24:00,0
현대마트,중랑구,00:00~04:00,0.0,0,0,0,0
아모레퍼시픽,용산구,00:00~05:00,0.0,0,0,0,0
상명초교,종로구,20:00~07:00,0.0,0,0,0,0
한성고등학교,서대문구,17:30~07:00,0,00:00~24:00,0,00:00~24:00,0
은평뉴타운320동,은평구,01:00~05:00,0.0,0,0,0,0
소망어린이공원,도봉구,00:00~04:00,0.0,0,0,0,0
소망어린이공원,도봉구,00:00~04:00,0.0,0,0,0,0
혜원약국,광진구,01:00~05:00,0.0,0,0,0,0
장통교,중구,0,0,14:00~00:00,0,00:00~22:00,공휴일10:00~22:00
성동소방서앞,성동구,20:00~08:00,0.0,0,0,0,0
월드컵파크8단지입구,마포구,20:00~07:00,0.0,0,0,0,0
스타시티입구,광진구,00:00~04:00,0.0,0,0,0,0
서울숲자이101동,성동구,00:00~05:00,0.0,0,0,0,0
서울숲리버뷰자이104동,성동구,00:00~05:00,0.0,0,0,0,0
서울숲리버뷰자이105동,성동구,00:00~05:00,0.0,0,0,0,0
상신교회,노원구,01:00~05:00,0.0,0,0,0,0
경동고정문,성북구,19:00~07:00,0,00:00~24:00,0,00:00~24:00,0
사근램프앞,성동구,00:00~04:00,0.0,0,0,0,0
마포도화현대아파트,마포구,01:00~05:00,0.0,0,0,0,0
공덕역10번출구,마포구,01:00~05:00,0.0,0,0,0,0
염리초교후문,마포구,01:00~05:00,0.0,0,0,0,0
상계주공5단지,노원구,00:00~05:00,0.0,0,0,0,0
OK기사식당,중랑구,00:00~05:00,0.0,0,0,0,0
이화교북단,중랑구,00:00~05:00,0.0,0,0,0,0
신묵초교입구,중랑구,00:00~05:00,0.0,0,0,0,0
묵동장로교회앞,중랑구,00:00~05:00,0.0,0,0,0,0
동구햇살아파트,중랑구,00:00~05:00,0.0,0,0,0,0
개운초교앞,성북구,20:00~07:00,0.0,0,0,0,0
제일시장입구,중랑구,00:00~05:00,0.0,0,0,0,0
양진중후문,광진구,17:00~07:00,0,00:00~24:00,0,00:00~24:00,0
신혜성의원,광진구,01:00~05:00,0.0,0,0,0,0
한양빌라,광진구,00:00~05:00,0.0,0,0,0,0
숭문고,마포구,01:00~04:00,0.0,0,0,0,0
광진두산위브파크,광진구,00:00~05:00,0.0,0,0,0,0
래미안베라힐즈201동,은평구,01:00~05:00,0.0,0,0,0,0
태릉신협,중랑구,00:00~05:00,0.0,0,0,0,0
롯데햄,중랑구,00:00~05:00,0.0,0,0,0,0
한국아파트,중랑구,00:00~05:00,0.0,0,0,0,0
중랑구민체육센터,중랑구,00:00~05:00,0.0,0,0,0,0
금보당,중랑구,00:00~04:00,0.0,0,0,0,0
BMW서비스센터,마포구,01:00~05:00,0.0,0,0,0,0
홈플러스면목,중랑구,00:00~04:00,0.0,0,0,0,0
청계한신109동,동대문구,01:00~05:00,0.0,0,0,0,0
서울메트로뒤,서초구,01:00~05:00,0.0,0,0,0,0
시스폴사거리,서초구,00:00~05:00,0.0,0,0,0,0
대명초교입구,강동구,18:00~06:00,0.0,0,0,0,0
영희초교,서초구,20:00~07:00,0.0,0,0,0,0
수서경찰서,강남구,01:00~05:00,0.0,0,0,0,0
수서경찰서,강남구,01:00~05:00,0.0,0,0,0,0
마곡503동앞,강서구,01:00~05:00,0.0,0,0,0,0
마곡601동앞,강서구,01:00~05:00,0.0,0,0,0,0
공항초등학교,강서구,01:00~05:00,0.0,0,0,0,0
하늬중학교,강서구,00:00~04:00,0.0,0,0,0,0
하늬중학교,강서구,00:00~04:00,0.0,0,0,0,0
C-6,강서구,01:00~05:00,0.0,0,0,0,0
율현초교후문,강남구,00:00~05:00,0.0,0,0,0,0
호원아트홀,강동구,01:00~05:00,0.0,0,0,0,0
길동119안전센터,강동구,00:00~04:00,0.0,0,0,0,0
길동119안전센터,강동구,00:00~04:00,0.0,0,0,0,0
길동119안전센터,강동구,00:00~04:00,0.0,0,0,0,0
길동119안전센터,강동구,00:00~04:00,0.0,0,0,0,0
예인한약국,서초구,00:00~05:00,0.0,0,0,0,0
압구정현대아파트77동앞,강남구,00:00~04:00,0.0,0,0,0,0
천호2치안센터,강동구,00:00~04:00,0.0,0,0,0,0
강동소방서,강동구,00:00~04:00,0.0,0,0,0,0
천호1치안센터,강동구,00:00~04:00,0.0,0,0,0,0
수협직판장,강서구,00:00~04:00,0.0,0,0,0,0
수협직판장,강서구,00:00~04:00,0.0,0,0,0,0
신월초교,강서구,00:00~05:00,0.0,0,0,0,0
인헌초교,관악구,00:00~04:00,0.0,0,0,0,0
낙성현대홈타운,관악구,00:00~04:00,0.0,0,0,0,0
구로변전소,구로구,00:00~05:00,0.0,0,0,0,0
구로변전소,구로구,00:00~05:00,0.0,0,0,0,0
백경한의원,양천구,01:00~05:00,0.0,0,0,0,0
백경한의원,양천구,01:00~05:00,0.0,0,0,0,0
방산초교앞,송파구,08:00~09:00,0.0,0,0,0,0
네이처힐301동앞,서초구,00:00~05:00,0.0,0,0,0,0
염창길훈아파트,강서구,20:00~05:00,0.0,0,0,0,0
양재빌딩,서초구,00:00~05:00,0.0,0,0,0,0
삼성R&D캠퍼스,서초구,20:00~07:00,0.0,0,0,0,0
사랑의쉼터앞,강동구,09:30~06:00,0.0,0,0,0,0
구일중학교,구로구,01:00~05:00,0.0,0,0,0,0
구립넓은들어린이집,양천구,21:00~06:00,0.0,0,0,0,0
서울과학전시관,관악구,00:00~05:00,0.0,0,0,0,0
에이스빌딩,서초구,00:00~05:00,0.0,0,0,0,0
코스트코,서초구,00:00~05:00,0.0,0,0,0,0
코스트코,서초구,00:00~05:00,0.0,0,0,0,0
동작구청,동작구,20:00~07:00,0.0,0,0,0,0
영등포선거관리위원회,영등포구,01:00~05:00,0.0,0,0,0,0
신성미소지움아파트,양천구,01:00~05:00,0.0,0,0,0,0
신성미소지움아파트,양천구,01:00~05:00,0.0,0,0,0,0
신강초교,양천구,00:00~05:00,0.0,0,0,0,0
강월초교,양천구,00:00~05:00,0.0,0,0,0,0
계남초교,양천구,01:00~05:00,0.0,0,0,0,0
계남초교,양천구,01:00~05:00,0.0,0,0,0,0
목동4단지,양천구,01:00~05:00,0.0,0,0,0,0
목동4단지,양천구,01:00~05:00,0.0,0,0,0,0
영보빌딩,강서구,00:00~04:00,0.0,0,0,0,0
월정초교,강서구,00:00~04:00,0.0,0,0,0,0
월정초교,강서구,00:00~04:00,0.0,0,0,0,0
등양초교,강서구,00:00~04:00,0.0,0,0,0,0
칠성아파트,강서구,00:00~04:00,0.0,0,0,0,0
칠성아파트,강서구,00:00~04:00,0.0,0,0,0,0
상사마을,강서구,00:00~04:00,0.0,0,0,0,0
상사마을,강서구,00:00~04:00,0.0,0,0,0,0
궁동주유소,구로구,00:00~05:00,0.0,0,0,0,0
신구로초교,구로구,00:00~05:00,0.0,0,0,0,0
구암초교,관악구,00:00~04:00,0.0,0,0,0,0
한국교총,서초구,00:00~05:00,0.0,0,0,0,0
벌떼교회,서초구,01:00~05:00,0.0,0,0,0,0
신한은행명일,강동구,00:00~04:00,0.0,0,0,0,0
신한은행명일,강동구,00:00~04:00,0.0,0,0,0,0
KEC앞삼거리,서초구,00:00~05:00,0.0,0,0,0,0
강남동산교회,강남구,00:00~05:00,0.0,0,0,0,0
영도초교후문,양천구,01:00~05:00,0.0,0,0,0,0
구로롯데캐슬111동앞,구로구,00:00~05:00,0.0,0,0,0,0
구로롯데캐슬111동앞,구로구,00:00~05:00,0.0,0,0,0,0
등서초교후문,강서구,00:00~05:00,0.0,0,0,0,0
상도건영아파트,동작구,00:00~04:00,0.0,0,0,0,0
중대부속초교,동작구,00:00~05:00,0.0,0,0,0,0
중대부속초교,동작구,00:00~05:00,0.0,0,0,0,0
큰별어린이집,동작구,01:00~05:00,0.0,0,0,0,0
사당5치안센터,관악구,00:00~04:00,0.0,0,0,0,0
사당5치안센터,관악구,00:00~04:00,0.0,0,0,0,0
상도아이파크아파트,동작구,00:00~04:00,0.0,0,0,0,0
상도아이파크아파트,동작구,00:00~04:00,0.0,0,0,0,0
상도지구대,동작구,00:00~04:00,0.0,0,0,0,0
상도지구대,동작구,00:00~04:00,0.0,0,0,0,0
명일삼익가든,강동구,00:00~04:00,0.0,0,0,0,0
양재시프트,서초구,20:00~06:00,0.0,0,0,0,0
H비즈니스파크,송파구,00:00~05:00,0.0,0,0,0,0
H비즈니스파크,송파구,00:00~05:00,0.0,0,0,0,0
봉천동아아파트,관악구,00:00~05:00,0.0,0,0,0,0
봉천동아아파트,관악구,00:00~05:00,0.0,0,0,0,0
오금초교,송파구,00:00~05:00,0.0,0,0,0,0
구로남초교,구로구,00:00~05:00,0.0,0,0,0,0
백석초교후문,강서구,00:00~04:00,0.0,0,0,0,0
등촌태진아파트,강서구,00:00~05:00,0.0,0,0,0,0
등촌성당,강서구,00:00~04:00,0.0,0,0,0,0
황외과삼거리,강서구,00:00~04:00,0.0,0,0,0,0
황외과삼거리,강서구,00:00~04:00,0.0,0,0,0,0
성내한양수자인,강동구,00:00~04:00,0.0,0,0,0,0
성내한양수자인,강동구,00:00~04:00,0.0,0,0,0,0
서울대교수아파트,관악구,00:00~05:00,0.0,0,0,0,0
서울대교수아파트,관악구,00:00~05:00,0.0,0,0,0,0
서울대교수아파트,관악구,00:00~05:00,0.0,0,0,0,0
관악벽산아파트501동,관악구,00:00~05:00,0.0,0,0,0,0
드림타운북문,관악구,00:00~05:00,0.0,0,0,0,0
구암중학교,관악구,00:00~05:00,0.0,0,0,0,0
관악드림타운107동,관악구,00:00~05:00,0,00:00~07:00,0,00:00~07:00,0
관악드림타운107동,관악구,00:00~05:00,0,00:00~07:00,0,00:00~07:00,0
성내삼성아파트,강동구,00:00~04:00,0.0,0,0,0,0
성내삼성아파트,강동구,00:00~04:00,0.0,0,0,0,0
성내4교남단,송파구,00:00~05:00,0.0,0,0,0,0
로데오거리,양천구,00:00~05:00,0.0,0,0,0,0
프랑스학교,서초구,00:00~05:00,0.0,0,0,0,0
언남중정문,서초구,00:00~05:00,0.0,0,0,0,0
성화빌딩,송파구,00:00~05:00,0.0,0,0,0,0
성화빌딩,송파구,00:00~05:00,0.0,0,0,0,0
한림여상,송파구,00:00~05:00,0.0,0,0,0,0
방배빌딩,서초구,00:00~05:00,0.0,0,0,0,0
성내4교,송파구,00:00~05:00,0.0,0,0,0,0
사당극동아파트입구,동작구,00:00~04:00,0.0,0,0,0,0
사당극동아파트입구,동작구,00:00~04:00,0.0,0,0,0,0
가락한양2차아파트,송파구,01:00~05:00,0.0,0,0,0,0
발산1동주민센터,강서구,00:00~05:00,0.0,0,0,0,0
구로롯데아파트,구로구,00:00~05:00,0.0,0,0,0,0
종로프라자약국,관악구,00:00~05:00,0.0,0,0,0,0
종로프라자약국,관악구,00:00~05:00,0.0,0,0,0,0
강서소방서,강서구,17:00~19:00,0.0,0,0,0,0
방화5단지,강서구,00:00~04:00,0.0,0,0,0,0
구로초교,구로구,00:00~04:00,0.0,0,0,0,0
관현사입구,서초구,00:00~05:00,0.0,0,0,0,0
봉영여중,양천구,01:00~05:00,0.0,0,0,0,0
묘곡초교,강동구,00:00~04:00,0.0,0,0,0,0
묘곡초교,강동구,00:00~04:00,0.0,0,0,0,0
묘곡초교,강동구,00:00~04:00,0.0,0,0,0,0
동일하이빌아파트,양천구,00:00~05:00,0.0,0,0,0,0
광성카센타,구로구,00:00~04:00,0.0,0,0,0,0
우면치안센터,서초구,00:00~05:00,0.0,0,0,0,0
우면치안센터,서초구,00:00~05:00,0.0,0,0,0,0
잠현초등학교앞,송파구,00:00~05:00,0.0,0,0,0,0
잠현초등학교앞,송파구,00:00~05:00,0.0,0,0,0,0
고척초교입구,구로구,00:00~06:00,0.0,0,0,0,0
대명아파트,강동구,00:00~04:00,0.0,0,0,0,0
래미안강동팰리스,강동구,00:00~04:00,0.0,0,0,0,0
래미안강동팰리스,강동구,00:00~04:00,0.0,0,0,0,0
성실통운,양천구,00:00~05:00,0.0,0,0,0,0
신정5수협,영등포구,01:00~05:00,0.0,0,0,0,0
대륭포스트타워,구로구,00:00~05:00,0.0,0,0,0,0
동산교회앞,송파구,01:00~05:00,0.0,0,0,0,0
목동롯데아파트,양천구,17:00~06:00,0.0,0,0,0,0
수궁동주민센터,구로구,00:00~05:00,0.0,0,0,0,0
우암초교,서초구,00:00~05:00,0.0,0,0,0,0
우암초교,서초구,00:00~05:00,0.0,0,0,0,0
우암초교,서초구,00:00~05:00,0.0,0,0,0,0
구로3동한신아파트,구로구,00:00~04:00,0.0,0,0,0,0
한산중학교앞,강동구,00:00~04:00,0.0,0,0,0,0
염창현대아파트,강서구,01:00~05:00,0.0,0,0,0,0
방신시장,강서구,00:00~04:00,0.0,0,0,0,0
상도래미안328동,동작구,00:00~05:00,0.0,0,0,0,0
상도래미안328동,동작구,00:00~05:00,0.0,0,0,0,0
중앙대후문,동작구,00:00~05:00,0.0,0,0,0,0
송파파크데일1단지,송파구,01:00~05:00,0.0,0,0,0,0
연꽃어린이집,구로구,00:00~05:00,0.0,0,0,0,0
연꽃어린이집,구로구,00:00~05:00,0.0,0,0,0,0
서초우체국,서초구,00:00~05:00,0.0,0,0,0,0
서초우체국,서초구,00:00~05:00,0.0,0,0,0,0
새쟁이마을,서초구,00:00~05:00,0.0,0,0,0,0
이엔씨드림타워,금천구,00:00~05:00,0.0,0,0,0,0
수궁119안전센터,구로구,00:00~05:00,0.0,0,0,0,0
새순교회,서초구,00:00~05:00,0.0,0,0,0,0
새순교회,서초구,00:00~05:00,0.0,0,0,0,0
은로초교,동작구,00:00~04:00,0.0,0,0,0,0
청솔빌딩,강서구,00:00~04:00,0.0,0,0,0,0
신서고,양천구,01:00~05:00,0.0,0,0,0,0
신서고,양천구,01:00~05:00,0.0,0,0,0,0
화곡7동주민센터,강서구,00:00~04:00,0.0,0,0,0,0
화곡7동주민센터,강서구,00:00~04:00,0.0,0,0,0,0
목동초교,양천구,00:00~05:00,0.0,0,0,0,0
건영아파트,송파구,01:00~05:00,0.0,0,0,0,0
국립과학수사,양천구,20:00~07:00,0,00:00~24:00,0,00:00~24:00,0
구로보건소,구로구,00:00~05:00,0.0,0,0,0,0
반포주공66동,서초구,00:00~05:00,0.0,0,0,0,0
반포주공66동,서초구,00:00~05:00,0.0,0,0,0,0
반포주공66동,서초구,00:00~05:00,0.0,0,0,0,0
송파상운,송파구,00:00~05:00,0.0,0,0,0,0
마천복지회관,송파구,00:00~05:00,0.0,0,0,0,0
마천복지회관,송파구,00:00~05:00,0.0,0,0,0,0
보훈약국,송파구,00:00~05:00,0.0,0,0,0,0
보훈약국,송파구,00:00~05:00,0.0,0,0,0,0
마천1치안센터,송파구,00:00~05:00,0.0,0,0,0,0
수명산파크101동,강서구,00:00~05:00,0.0,0,0,0,0
천호중,강동구,00:00~04:00,0.0,0,0,0,0
천호중,강동구,00:00~04:00,0.0,0,0,0,0
힐스테이트에코송파,송파구,00:00~05:00,0.0,0,0,0,0
가동초교,송파구,00:00~05:00,0.0,0,0,0,0
가동초교,송파구,00:00~05:00,0.0,0,0,0,0
오류남초교정문,구로구,00:00~05:00,0.0,0,0,0,0
구로노인종합복지관,구로구,00:00~04:00,0.0,0,0,0,0
길동현대아파트,강동구,00:00~04:00,0.0,0,0,0,0
신길초교,동작구,21:00~07:00,0.0,0,0,0,0
세륜중고앞,송파구,00:00~05:00,0.0,0,0,0,0
대일농원,서초구,00:00~05:00,0.0,0,0,0,0
대화프라자,서초구,00:00~05:00,0.0,0,0,0,0
대화프라자,서초구,00:00~05:00,0.0,0,0,0,0
세원마을입구,서초구,00:00~05:00,0.0,0,0,0,0
청계산SH710동앞,서초구,00:00~05:00,0.0,0,0,0,0
청계산SH710동앞,서초구,00:00~05:00,0.0,0,0,0,0
청계산입구,서초구,00:00~05:00,0.0,0,0,0,0
청계산입구,서초구,00:00~05:00,0.0,0,0,0,0
영화초교,동작구,00:00~04:00,0.0,0,0,0,0
오류2치안센터,구로구,00:00~05:00,0.0,0,0,0,0
둔촌주공아파트,강동구,00:00~04:00,0.0,0,0,0,0
둔촌주공아파트,강동구,00:00~04:00,0.0,0,0,0,0
수명산파크1단지,강서구,01:00~05:00,0.0,0,0,0,0
신도림미래사랑시티,구로구,00:00~06:00,0.0,0,0,0,0
신도림미래사랑시티,구로구,00:00~06:00,0.0,0,0,0,0
특수전사령부앞,송파구,00:00~05:00,0.0,0,0,0,0
특수전사령부앞,송파구,00:00~05:00,0.0,0,0,0,0
서초포레스타207동앞,서초구,00:00~05:00,0.0,0,0,0,0
마리오아울렛2,금천구,00:00~05:00,0.0,0,0,0,0
화원경로당,구로구,00:00~05:00,0.0,0,0,0,0
삼일초교,동작구,00:00~04:00,0.0,0,0,0,0
삼일초교,동작구,00:00~04:00,0.0,0,0,0,0
소천지,구로구,00:00~05:00,0.0,0,0,0,0
신도림복합빌딩,구로구,00:00~06:00,0.0,0,0,0,0
현대자동차서비스센터,동작구,21:00~07:00,0.0,0,0,0,0
동작고,동작구,00:00~04:00,0.0,0,0,0,0
신성아파트,강동구,00:00~04:00,0.0,0,0,0,0
신성아파트,강동구,00:00~04:00,0.0,0,0,0,0
난우초교,관악구,01:00~05:00,0.0,0,0,0,0
봉천119안전센터,관악구,00:00~04:00,0.0,0,0,0,0
명성스텐,송파구,00:00~05:00,0.0,0,0,0,0
신정이펜하우스4단지,양천구,01:00~05:00,0.0,0,0,0,0
서울신은초교,양천구,00:00~05:00,0.0,0,0,0,0
서울신은초교,양천구,00:00~05:00,0.0,0,0,0,0
우성상가,양천구,01:00~05:00,0.0,0,0,0,0
압구정역,강남구,00:00~04:00,0.0,0,0,0,0
화곡초교옆,강서구,00:00~04:00,0.0,0,0,0,0
동부구치소앞,송파구,00:00~05:00,0.0,0,0,0,0
동부구치소앞,송파구,00:00~05:00,0.0,0,0,0,0
가산동하이힐,금천구,00:00~05:00,0.0,0,0,0,0
가산동하이힐,금천구,00:00~05:00,0.0,0,0,0,0
연세중앙교회,구로구,00:00~04:00,0.0,0,0,0,0
연세중앙교회,구로구,00:00~04:00,0.0,0,0,0,0
"청계산SH6,7단지",서초구,00:00~05:00,0.0,0,0,0,0
방화2단지,강서구,00:00~05:00,0.0,0,0,0,0
방화2단지,강서구,00:00~05:00,0.0,0,0,0,0
천왕연지타운1단지,구로구,00:00~05:00,0.0,0,0,0,0
천왕연지타운1단지,구로구,00:00~05:00,0.0,0,0,0,0
상도3차래미안아파트,동작구,00:00~05:00,0.0,0,0,0,0
증미역,강서구,00:00~04:00,0.0,0,0,0,0
증미역,강서구,00:00~04:00,0.0,0,0,0,0
보석빌딩,강남구,01:00~05:00,0.0,0,0,0,0
보석빌딩,강남구,01:00~05:00,0.0,0,0,0,0
신서초교정문,양천구,00:00~05:00,0.0,0,0,0,0
신서초교정문,양천구,00:00~05:00,0.0,0,0,0,0
신서초교정문,양천구,00:00~05:00,0.0,0,0,0,0
신서초교정문,양천구,00:00~05:00,0.0,0,0,0,0
영원초교정문앞,영등포구,23:00~06:00,0.0,0,0,0,0
세진테크노빌,금천구,00:00~05:00,0.0,0,0,0,0
스타밸리,금천구,00:00~05:00,0.0,0,0,0,0
독산1동천주교,금천구,00:00~05:00,0.0,0,0,0,0
독산역롯데캐슬아파트,금천구,00:00~05:00,0.0,0,0,0,0
반포2단지입구,서초구,00:00~05:00,0.0,0,0,0,0
벽산디지털밸리,금천구,00:00~05:00,0.0,0,0,0,0
신림현대아파트앞,관악구,00:00~04:00,0.0,0,0,0,0
신한은행마천,송파구,00:00~05:00,0.0,0,0,0,0
신한은행마천,송파구,00:00~05:00,0.0,0,0,0,0
대방대림아파트,동작구,00:00~04:00,0.0,0,0,0,0
남성아파트앞,영등포구,01:00~05:00,0.0,0,0,0,0
잠실고정문,송파구,01:00~05:00,0.0,0,0,0,0
한영중고교앞,강동구,00:00~04:00,0.0,0,0,0,0
농협입구,강동구,00:00~04:00,0.0,0,0,0,0
금천공동체지원센터,금천구,00:00~04:00,0.0,0,0,0,0
금천공동체지원센터,금천구,00:00~04:00,0.0,0,0,0,0
금천공동체지원센터,금천구,00:00~04:00,0.0,0,0,0,0
보라매공원후문,동작구,00:00~04:00,0.0,0,0,0,0
보라매공원후문,동작구,00:00~04:00,0.0,0,0,0,0
낙성현대아파트,관악구,00:00~04:00,0.0,0,0,0,0
서울의료원,강남구,00:00~05:00,0.0,0,0,0,0
신암중,강동구,00:00~04:00,0.0,0,0,0,0
SH빌아파트,동작구,00:00~05:00,0.0,0,0,0,0
강남초교,동작구,00:00~05:00,0.0,0,0,0,0
강남초교,동작구,00:00~05:00,0.0,0,0,0,0
반포종합사회복지관,서초구,00:00~05:00,0.0,0,0,0,0
강일10단지,강동구,01:00~05:00,0.0,0,0,0,0
강일9.10단지삼거리,강동구,01:00~05:00,0.0,0,0,0,0
"강일1,3단지",강동구,01:00~05:00,0.0,0,0,0,0
강일리버파크101동앞,강동구,01:00~05:00,0.0,0,0,0,0
강일리버파크3단지입구,강동구,01:00~05:00,0.0,0,0,0,0
"강일6,8단지",강동구,01:00~05:00,0.0,0,0,0,0
"강일6,8단지",강동구,01:00~05:00,0.0,0,0,0,0
강일리버파크1단지입구,강동구,01:00~05:00,0.0,0,0,0,0
강일리버파크2단지입구,강동구,01:00~05:00,0.0,0,0,0,0
강일리버파크5단지입구,강동구,01:00~05:00,0.0,0,0,0,0
강일리버파크6단지입구,강동구,01:00~05:00,0.0,0,0,0,0
강일초교,강동구,01:00~05:00,0.0,0,0,0,0
강일9단지입구,강동구,01:00~05:00,0.0,0,0,0,0
방화삼환아파트,강서구,00:00~04:00,0.0,0,0,0,0
방화삼환아파트,강서구,00:00~04:00,0.0,0,0,0,0
방화3동성당,강서구,00:00~05:00,0.0,0,0,0,0
방화3동성당,강서구,00:00~05:00,0.0,0,0,0,0
방화3동성당,강서구,00:00~05:00,0.0,0,0,0,0
방화서광아파트,강서구,00:00~05:00,0.0,0,0,0,0
반🅓정사삼거리,강서구,00:00~04:00,0.0,0,0,0,0
공진초등학교,강서구,00:00~04:00,0.0,0,0,0,0
방원중학교,강서구,17:00~07:00,0,00:00~24:00,0,00:00~24:00,0
방원중학교,강서구,17:00~07:00,0,00:00~24:00,0,00:00~24:00,0
양재근린공원,서초구,00:00~05:00,0.0,0,0,0,0
가양5단지상가,강서구,00:00~04:00,0.0,0,0,0,0
등양초교후문,강서구,00:00~04:00,0.0,0,0,0,0
등촌주공602동,강서구,00:00~04:00,0.0,0,0,0,0
서우빌딩,강서구,00:00~04:00,0.0,0,0,0,0
방화503동앞,강서구,00:00~05:00,0.0,0,0,0,0
효동주유소,송파구,00:00~05:00,0.0,0,0,0,0
역삼119안전센터,강남구,01:00~05:00,0.0,0,0,0,0
역삼119안전센터,강남구,01:00~05:00,0.0,0,0,0,0
도성초교사거리,강남구,00:00~05:00,0.0,0,0,0,0
도성초교사거리,강남구,00:00~05:00,0.0,0,0,0,0
국민은행개포남지점,강남구,01:00~05:00,0.0,0,0,0,0
국민은행개포남지점,강남구,01:00~05:00,0.0,0,0,0,0
개포우성3차아파트,강남구,01:00~05:00,0.0,0,0,0,0
개포우성3차아파트,강남구,01:00~05:00,0.0,0,0,0,0
개원초교,강남구,01:00~05:00,0.0,0,0,0,0
구룡중,강남구,01:00~05:00,0.0,0,0,0,0
개포2동주민센터,강남구,01:00~05:00,0.0,0,0,0,0
개포2동주민센터,강남구,01:00~05:00,0.0,0,0,0,0
개포도서관,강남구,01:00~05:00,0.0,0,0,0,0
개포도서관,강남구,01:00~05:00,0.0,0,0,0,0
휘문고정문,강남구,01:00~05:00,0.0,0,0,0,0
휘문고정문,강남구,01:00~05:00,0.0,0,0,0,0
(구)역삼세무서,강남구,01:00~05:00,0.0,0,0,0,0
사당5동주민센터,동작구,00:00~05:00,0.0,0,0,0,0
조원아파트사거리,관악구,00:00~05:00,0.0,0,0,0,0
은천초교입구,관악구,01:00~04:00,0.0,0,0,0,0
강동구청,강동구,00:00~04:00,0.0,0,0,0,0
강동구청,강동구,00:00~04:00,0.0,0,0,0,0
강동구청,강동구,00:00~04:00,0.0,0,0,0,0
양재빗물펌프장,서초구,00:00~05:00,0.0,0,0,0,0
대한결핵협회,서초구,00:00~05:00,0.0,0,0,0,0
구로SK허브수,구로구,00:00~05:00,0.0,0,0,0,0
한솔치과,송파구,00:00~05:00,0.0,0,0,0,0
마천대화주택,송파구,00:00~05:00,0.0,0,0,0,0
마곡유치원,강서구,21:00~06:00,0.0,0,0,0,0
관악푸르지오121동앞,관악구,01:00~05:00,0.0,0,0,0,0
선린초교,강동구,00:00~05:00,0.0,0,0,0,0
선린초교,강동구,00:00~05:00,0.0,0,0,0,0
선린초교,강동구,00:00~05:00,0.0,0,0,0,0
서서울생활과학고등학교위,구로구,00:00~05:00,0.0,0,0,0,0
대진빌라,구로구,00:00~06:00,0.0,0,0,0,0
흑석센트레빌아파트,동작구,01:00~05:00,0.0,0,0,0,0
흑석센트레빌아파트,동작구,01:00~05:00,0.0,0,0,0,0
중앙대중문,동작구,00:00~05:00,0.0,0,0,0,0
중앙대중문,동작구,00:00~05:00,0.0,0,0,0,0
고덕리엔파크306동앞,강동구,19:00~07:00,0.0,0,0,0,0
개포우체국,강남구,01:00~05:00,0.0,0,0,0,0
동신목재합판앞,강동구,00:00~04:00,0.0,0,0,0,0
미래빌라앞,구로구,00:00~05:00,0.0,0,0,0,0
청계산역삼거리,서초구,00:00~05:00,0.0,0,0,0,0
청계산역,서초구,00:00~05:00,0.0,0,0,0,0
서초구견인차량보관소,서초구,00:00~05:00,0.0,0,0,0,0
청계산주차장,서초구,00:00~05:00,0.0,0,0,0,0
본마을입구,서초구,00:00~05:00,0.0,0,0,0,0
언주초교,강남구,00:00~05:00,0.0,0,0,0,0
보라매병원앞,동작구,00:00~04:00,0.0,0,0,0,0
보훈병원,송파구,00:00~04:00,0.0,0,0,0,0
보훈병원,송파구,00:00~04:00,0.0,0,0,0,0
보훈병원,송파구,00:00~04:00,0.0,0,0,0,0
마곡2단지,강서구,01:00~05:00,0.0,0,0,0,0
강동경찰서앞,강동구,00:00~04:00,0.0,0,0,0,0
우장산휴먼빌아파트,강서구,00:00~05:00,0.0,0,0,0,0
위례와이즈더샵사거리,송파구,00:00~04:00,0.0,0,0,0,0
우솔초등학교,서초구,00:00~05:00,0.0,0,0,0,0
화곡초교,강서구,00:00~04:00,0.0,0,0,0,0
능인검문소,강서구,00:00~04:00,0.0,0,0,0,0
언남초교앞,서초구,00:00~05:00,0.0,0,0,0,0
언남초교앞,서초구,00:00~05:00,0.0,0,0,0,0
서정초교삼거리,양천구,21:00~06:00,0.0,0,0,0,0
조원아파트,관악구,00:00~04:00,0.0,0,0,0,0
목양침례교회,서초구,20:00~07:00,0.0,0,0,0,0
목양침례교회,서초구,20:00~07:00,0.0,0,0,0,0
목양침례교회,서초구,20:00~07:00,0.0,0,0,0,0
언남초교정문,서초구,00:00~05:00,0.0,0,0,0,0
마천동교회,송파구,09:00~08:00,0.0,0,0,0,0
마곡M밸리4단지앞,강서구,01:00~05:00,0.0,0,0,0,0
마곡501동앞,강서구,01:00~05:00,0.0,0,0,0,0
마곡602동앞,강서구,01:00~05:00,0.0,0,0,0,0
성내도서관앞,강동구,00:00~04:00,0.0,0,0,0,0
마곡301동앞,강서구,01:00~05:00,0.0,0,0,0,0
서초더샵1단지앞,서초구,00:00~05:00,0.0,0,0,0,0
서초더샵1단지앞,서초구,00:00~05:00,0.0,0,0,0,0
서초더샵1단지앞,서초구,00:00~05:00,0.0,0,0,0,0
상도롯데캐슬,동작구,00:00~05:00,0.0,0,0,0,0
"네이처힐5,7단지앞",서초구,00:00~05:00,0.0,0,0,0,0
행복숲어린이집앞,송파구,09:00~08:00,0.0,0,0,0,0
한국노총회관,영등포구,01:00~05:00,0.0,0,0,0,0
화곡I파크아파트1,강서구,00:00~05:00,0.0,0,0,0,0
당산초교,영등포구,01:00~05:00,0.0,0,0,0,0
당산초교,영등포구,01:00~05:00,0.0,0,0,0,0
화곡I파크아파트2,강서구,00:00~05:00,0.0,0,0,0,0
당서초교정문,영등포구,01:00~05:00,0.0,0,0,0,0
당서초교정문,영등포구,01:00~05:00,0.0,0,0,0,0
힐스테이트앞,강서구,00:00~05:00,0.0,0,0,0,0
내발산주공,강서구,00:00~05:00,0.0,0,0,0,0
홈플러스강서점,강서구,00:00~05:00,0.0,0,0,0,0
영중초교,영등포구,00:00~05:00,0.0,0,0,0,0
가양9단지,강서구,00:00~04:00,0.0,0,0,0,0
문래LG빌리지단지안,영등포구,01:00~05:00,0.0,0,0,0,0
문래현대홈타운,영등포구,01:00~05:00,0.0,0,0,0,0
가양초교,강서구,01:00~05:00,0.0,0,0,0,0
가양초교,강서구,01:00~05:00,0.0,0,0,0,0
문래삼환아파트,영등포구,01:00~05:00,0.0,0,0,0,0
롯데삼강,영등포구,00:00~05:00,0.0,0,0,0,0
염강초교,강서구,00:00~04:00,0.0,0,0,0,0
염강초교,강서구,00:00~04:00,0.0,0,0,0,0
염강초교,강서구,00:00~04:00,0.0,0,0,0,0
다솔할인마트,강서구,22:00~07:30,0.0,0,0,0,0
근상프리즘,강서구,00:00~04:00,0.0,0,0,0,0
발산초교,강서구,00:00~05:00,0.0,0,0,0,0
발산초교,강서구,00:00~05:00,0.0,0,0,0,0
화곡고등학교,강서구,00:00~05:00,0.0,0,0,0,0
화곡고등학교,강서구,00:00~05:00,0.0,0,0,0,0
공진중,강서구,01:00~05:00,0.0,0,0,0,0
공진중,강서구,01:00~05:00,0.0,0,0,0,0
공진중,강서구,01:00~05:00,0.0,0,0,0,0
여의도선착장,영등포구,01:00~05:00,0.0,0,0,0,0
마곡힐스테이트,강서구,01:00~05:00,0.0,0,0,0,0
"강일9,10단지",강동구,01:00~05:00,0.0,0,0,0,0
롯데빌라,서초구,00:00~05:00,0.0,0,0,0,0
롯데빌라,서초구,00:00~05:00,0.0,0,0,0,0
KEB하나은행방배동,서초구,01:00~05:00,0.0,0,0,0,0
반포3동주민센터,서초구,00:00~05:00,0.0,0,0,0,0
삼호가든상가,서초구,00:00~05:00,0.0,0,0,0,0
삼호가든상가,서초구,00:00~05:00,0.0,0,0,0,0
서원초교,서초구,00:00~05:00,0.0,0,0,0,0
서원초교,서초구,00:00~05:00,0.0,0,0,0,0
서초래미안,서초구,00:00~05:00,0.0,0,0,0,0
하나로마트양재,서초구,00:00~05:00,0.0,0,0,0,0
서초고,서초구,00:00~05:00,0.0,0,0,0,0
잠원쇼핑,서초구,00:00~05:00,0.0,0,0,0,0
잠원쇼핑,서초구,00:00~05:00,0.0,0,0,0,0
르엘대치정문앞,강남구,20:00~07:00,0.0,0,0,0,0
보라매자이103동앞,동작구,00:00~05:00,0.0,0,0,0,0
사당대림아파트5동앞,동작구,00:00~04:00,0.0,0,0,0,0
한강빌리지앞,동작구,00:00~05:00,0.0,0,0,0,0
현성빌딩앞,동작구,21:00~07:00,0.0,0,0,0,0
동작빌라앞,동작구,00:00~04:00,0.0,0,0,0,0
신화아파트앞,관악구,01:00~05:00,0.0,0,0,0,0
태평양파크빌라트,송파구,09:00~08:00,0.0,0,0,0,0
계성초교,서초구,20:00~07:00,0.0,0,0,0,0
세곡LH1단지앞,강남구,20:00~07:00,0.0,0,0,0,0
강남운전면허시험장,강남구,21:00~08:00,0,00:00~24:00,0,00:00~24:00,0
대모초교,강남구,20:00~07:00,0.0,0,0,0,0
일원펌프장,강남구,00:00~05:00,0.0,0,0,0,0
신반포중앙교회,서초구,00:00~04:00,0.0,0,0,0,0
반원초교,서초구,20:00~07:00,0.0,0,0,0,0
반원초교,서초구,20:00~07:00,0.0,0,0,0,0
아주초교,송파구,00:00~05:00,0.0,0,0,0,0
아주초교,송파구,00:00~05:00,0.0,0,0,0,0
아주초교,송파구,00:00~05:00,0.0,0,0,0,0
거여아파트단지,송파구,00:00~05:00,0.0,0,0,0,0
우리은행송파,송파구,01:00~05:00,0.0,0,0,0,0
정신여고,송파구,00:00~05:00,0.0,0,0,0,0
토성초교,송파구,00:00~05:00,0.0,0,0,0,0
풍납초교,송파구,00:00~05:00,0.0,0,0,0,0
미사강변17단지삼거리,강동구,01:00~05:00,0.0,0,0,0,0
성내초교,강동구,00:00~04:00,0.0,0,0,0,0
강동고교입구,강동구,01:00~04:00,0.0,0,0,0,0
강서교육청,양천구,00:00~05:00,0.0,0,0,0,0
강서교육청,양천구,00:00~05:00,0.0,0,0,0,0
목동1단지130동앞,양천구,01:00~05:00,0.0,0,0,0,0
목동5단지상가,양천구,00:00~05:00,0.0,0,0,0,0
목동1030동앞,양천구,00:00~05:00,0.0,0,0,0,0
양천구청역,양천구,00:00~05:00,0.0,0,0,0,0
양천구청역,양천구,00:00~05:00,0.0,0,0,0,0
양천구청역,양천구,00:00~05:00,0.0,0,0,0,0
아홉길사랑교회,구로구,00:00~05:00,0.0,0,0,0,0
현대홈타운삼거리,구로구,00:00~04:00,0.0,0,0,0,0
국회동문,영등포구,20:00~07:00,0.0,0,0,0,0
둔치주차장,영등포구,01:00~05:00,0.0,0,0,0,0
LG전자연구소,금천구,00:00~04:00,0.0,0,0,0,0
LG전자연구소,금천구,00:00~04:00,0.0,0,0,0,0
오류고등학교,구로구,00:00~05:00,0.0,0,0,0,0
궁동저수지생태공원,구로구,00:00~05:00,0.0,0,0,0,0
등촌주공근린공원,강서구,00:00~04:00,0.0,0,0,0,0
등촌고등학교,강서구,00:00~04:00,0.0,0,0,0,0
등현초교,강서구,00:00~04:00,0.0,0,0,0,0
등현초교,강서구,00:00~04:00,0.0,0,0,0,0
등현초교,강서구,00:00~04:00,0.0,0,0,0,0
초원교회,강서구,00:00~04:00,0.0,0,0,0,0
초원교회,강서구,00:00~04:00,0.0,0,0,0,0
글샘공원,송파구,00:00~05:00,0.0,0,0,0,0
금천초교,금천구,21:00~06:00,0.0,0,0,0,0
래미안신반포리오센트,서초구,00:00~05:00,0.0,0,0,0,0
영동중학교정문,서초구,20:00~07:00,0.0,0,0,0,0
구반포치안센터,서초구,20:00~07:00,0.0,0,0,0,0
원신초교앞,관악구,07:30~17:00,0,0,0,00:00~24:00,특수일점멸
화성교회,강서구,00:00~04:00,0.0,0,0,0,0
반포센트럴푸르지오써밋,서초구,00:00~05:00,0.0,0,0,0,0
반포센트럴푸르지오써밋,서초구,00:00~05:00,0.0,0,0,0,0
동작사회복지관,동작구,00:00~04:00,0.0,0,0,0,0
흑석롯데캐슬,동작구,00:00~05:00,0.0,0,0,0,0
흑석지구대앞,동작구,21:00~07:00,0.0,0,0,0,0
목동파크자이107동앞,양천구,01:00~05:00,0.0,0,0,0,0
목동파크자이107동앞,양천구,20:00~07:00,0.0,0,0,0,0
목동파크자이107동앞,양천구,20:00~07:00,0.0,0,0,0,0
목동아이스링크,양천구,00:00~04:00,0.0,0,0,0,0
수명산파크115동앞,강서구,01:00~05:00,0.0,0,0,0,0
명덕외고정문,강서구,01:00~05:00,0.0,0,0,0,0
MS빌딩,강남구,01:00~05:00,0.0,0,0,0,0
구립양지어린이집앞,동작구,00:00~04:00,0.0,0,0,0,0
네이처힐501동앞,서초구,00:00~05:00,0.0,0,0,0,0
개봉현대홈타운210동,구로구,00:00~04:00,0.0,0,0,0,0
